,PC1,PC2,PC3,PC4,PC5,PC6,PC7,PC8,PC9,PC10,PC11,PC12,PC13,PC14,PC15,labs
ERR1914197,145.5278,146.85841,148.87857,147.10439,146.43356,146.0063,146.64197,146.19237,146.66927,146.82126,146.59605,146.79718,145.93187,146.81816,146.28099,Canis_familiaris
ERR1914272,162.40439,165.21062,167.68378,165.82867,166.46848,165.05069,165.36691,164.9981,165.38716,165.4663,165.37088,165.57373,164.35355,165.75099,165.0615,Canis_familiaris
ERR1914092,146.63725,148.32034,149.96793,148.15121,147.6802,147.22527,147.80843,147.33627,147.87813,148.06102,147.74196,147.97766,147.05986,148.01219,147.63216,Canis_familiaris
ERR1914908,169.37128,172.1997,174.41846,172.7767,173.80411,172.6118,173.21306,172.029,173.16832,173.0383,172.9162,173.24573,172.05446,173.3037,171.3675,Canis_familiaris
ERR1914999,129.80347,131.00032,132.01202,131.0512,130.53136,130.212,130.50305,130.7859,130.55826,130.59036,130.38054,130.4672,129.87477,130.2623,130.30583,Canis_familiaris
ERR1914572,138.1863,139.55852,141.23755,139.485,139.2034,138.57545,139.07317,138.85532,139.17818,139.08197,139.05121,139.11052,138.21475,139.03822,138.77649,Canis_familiaris
ERR1914926,187.75392,190.1907,192.98134,190.6684,191.41086,190.13583,190.38582,190.12622,190.34149,190.37,190.53366,190.48735,189.54333,190.54558,189.96571,Canis_familiaris
ERR1914242,125.12691,127.29485,129.92543,127.543724,128.46692,126.87988,127.23706,126.640114,127.19483,127.22901,127.92912,127.44698,126.60663,127.48149,126.87316,Canis_familiaris
ERR1914475,150.98145,152.66624,154.62593,152.76128,153.07967,152.10225,152.64989,151.89488,152.63358,152.87993,152.42923,152.83861,151.74905,152.95094,152.75117,Canis_familiaris
ERR1914938,103.266495,102.017426,100.743195,103.18663,101.05546,101.14378,101.452415,101.48947,100.4721,101.13522,101.42684,100.58502,101.25472,100.90286,100.8849,Canis_familiaris
ERR1914917,187.9647,190.40108,193.19087,190.87875,191.62044,190.34625,190.59625,190.33667,190.5519,190.58057,190.74432,190.69792,189.7542,190.75604,190.17653,Canis_familiaris
ERR1914619,161.96959,164.77568,167.2525,165.39568,166.0357,164.6124,164.93015,164.56094,164.94992,165.03012,164.93346,165.13795,163.91426,165.31473,164.62852,Canis_familiaris
ERR1914543,146.36299,145.58556,142.02133,143.84491,143.64923,143.67198,143.52898,143.7719,142.9986,143.72145,143.46477,142.90384,143.57146,142.98041,143.35426,Canis_familiaris
ERR1914476,148.4497,149.95395,151.83116,150.01907,150.29843,149.38712,150.01591,149.15662,149.96205,150.253,149.73477,150.2041,149.13469,150.28616,150.11942,Canis_familiaris
ERR1914069,149.0728,151.41493,154.03473,153.04591,153.37372,152.12672,152.24649,152.1014,152.42393,152.15192,152.50063,152.71024,151.46692,152.98938,152.11327,Canis_familiaris
ERR1914108,129.63792,130.83508,131.84824,130.88681,130.36705,130.04756,130.33868,130.6213,130.39392,130.42583,130.21643,130.30293,129.7102,130.09828,130.1414,Canis_familiaris
ERR1914652,169.32573,172.15446,174.37303,172.73134,173.75862,172.56638,173.16776,171.98361,173.12299,172.9929,172.87079,173.20036,172.00902,173.25829,171.32225,Canis_familiaris
ERR1914484,149.06648,150.5734,152.45323,150.64037,150.90556,150.00238,150.63106,149.7747,150.57895,150.86923,150.35213,150.81941,149.75159,150.90163,150.73148,Canis_familiaris
ERR1914073,149.01427,151.35675,153.97688,152.98827,153.31602,152.0692,152.1887,152.04384,152.36613,152.09409,152.44298,152.65248,151.40918,152.9317,152.0554,Canis_familiaris
ERR1914029,153.16893,155.44655,157.93027,156.15298,156.66946,155.39336,155.65825,155.281,155.70203,155.71341,155.6233,155.88976,154.70714,156.11914,155.57318,Canis_familiaris
ERR1914262,162.33934,165.1457,167.61995,165.76462,166.40752,164.98701,165.3028,164.93434,165.32285,165.40182,165.30675,165.50961,164.28902,165.68687,164.9968,Canis_familiaris
ERR1914800,109.715904,111.33949,112.96991,111.112595,110.99557,110.18438,110.812035,110.356834,110.96546,110.82034,111.23204,110.925316,110.10324,111.00724,110.63436,Canis_familiaris
ERR1914850,146.36267,145.58498,142.02084,143.84467,143.6488,143.67163,143.52872,143.77153,142.9982,143.72107,143.46437,142.90346,143.57104,142.98,143.35387,Canis_familiaris
ERR1914978,129.78583,130.98274,131.99442,131.0335,130.5137,130.19437,130.48537,130.76822,130.54059,130.57272,130.3629,130.44958,129.85712,130.24472,130.28822,Canis_familiaris
ERR1914553,169.36447,172.1932,174.41176,172.77014,173.79666,172.60504,173.206,172.02249,173.16125,173.03136,172.90944,173.23866,172.04767,173.29665,171.36145,Canis_familiaris
ERR1914227,93.992744,96.25224,96.83565,96.29958,95.5799,96.00989,96.59754,96.87665,96.44511,96.44646,97.07359,96.596535,96.22753,96.454704,96.39948,Canis_familiaris
ERR1914065,149.10887,151.45116,154.07088,153.08199,153.40979,152.16287,152.28264,152.13757,152.46005,152.18811,152.53673,152.74637,151.50305,153.0255,152.14944,Canis_familiaris
ERR1914397,133.36768,135.60432,137.94562,135.49278,136.57751,135.05963,135.15881,135.06935,135.00287,135.02428,136.07367,135.24121,134.30458,135.27496,134.72623,Canis_familiaris
ERR1914070,149.09552,151.43767,154.05733,153.0683,153.3961,152.14928,152.26907,152.12392,152.44649,152.17455,152.52307,152.7327,151.48952,153.01183,152.13591,Canis_familiaris
ERR1914166,82.88197,82.9466,79.600746,82.560646,81.09437,81.272095,86.33569,81.036995,78.100426,84.67451,80.96565,79.361984,80.66071,79.2519,80.81458,Canis_familiaris
ERR1914913,187.63176,190.06989,192.86304,190.54788,191.29233,190.01451,190.26479,190.00491,190.22057,190.24889,190.41212,190.36623,189.42107,190.4246,189.84338,Canis_familiaris
ERR1914812,169.38652,172.21535,174.43382,172.7922,173.81824,172.62701,173.22783,172.04465,173.18315,173.0533,172.93141,173.2606,172.0697,173.3186,171.38397,Canis_familiaris
ERR1914263,157.97806,160.50038,163.11852,161.2452,161.87863,160.45428,160.71219,160.37161,160.75227,160.77237,160.68114,160.93144,159.71417,161.16576,160.54724,Canis_familiaris
ERR1914034,172.47073,175.39955,177.55087,175.97722,176.99617,175.78339,176.22081,175.32808,176.1646,176.10059,176.03876,176.279,175.10986,176.33177,174.61412,Canis_familiaris
ERR1914102,129.7289,130.92606,131.93904,130.9777,130.4579,130.13843,130.42955,130.71216,130.48476,130.51672,130.30724,130.39378,129.80106,130.18916,130.23224,Canis_familiaris
ERR1914411,146.29688,145.51897,141.95486,143.77869,143.58286,143.60565,143.4627,143.70558,142.93224,143.65509,143.39844,142.83752,143.50508,142.91406,143.28792,Canis_familiaris
ERR1914618,153.38283,155.63759,158.10588,156.30779,156.82074,155.54901,155.8245,155.43654,155.8653,155.88818,155.77934,156.0506,154.86928,156.27623,155.74454,Canis_familiaris
ERR1914003,151.9706,153.88432,156.15683,154.32457,154.77147,153.56038,153.93134,153.44164,153.96596,154.07825,153.83594,154.14833,152.9889,154.33809,153.94817,Canis_familiaris
ERR1914844,176.83174,177.08914,173.64062,173.71843,174.53133,174.08983,173.66429,174.24619,173.75,174.55475,174.45668,173.40067,174.02588,174.05833,174.45389,Canis_familiaris
ERR1914206,145.5856,146.9169,148.93701,147.16252,146.49121,146.06424,146.6999,146.25029,146.72737,146.87938,146.65407,146.8551,145.98973,146.87617,146.33897,Canis_familiaris
ERR1914894,154.07097,156.36298,158.92062,157.13124,157.68951,156.41385,156.58627,156.28854,156.61845,156.58588,156.57602,156.80826,155.62009,157.06615,156.44199,Canis_familiaris
ERR1914609,164.14902,166.98174,169.31335,167.4924,168.05385,166.8108,167.16159,166.6991,167.16261,167.26202,167.14522,167.33934,166.18227,167.47252,166.66399,Canis_familiaris
ERR1914236,124.28173,126.41108,129.0214,126.65514,127.58248,125.98064,126.339516,125.74466,126.299934,126.33321,127.02708,126.54842,125.722275,126.57956,125.97727,Canis_familiaris
ERR1914843,146.3387,145.56104,141.9969,143.82063,143.62479,143.64766,143.50468,143.74751,142.97415,143.69708,143.4404,142.87946,143.54707,142.95601,143.3299,Canis_familiaris
ERR1914602,161.89615,164.68993,167.13136,165.27567,165.78688,164.44026,164.79095,164.39868,164.81837,164.91196,164.78932,165.00145,163.7805,165.17256,164.53229,Canis_familiaris
ERR1914723,133.41118,135.64798,137.99017,135.53955,136.62126,135.10414,135.20436,135.11272,135.04927,135.07066,136.11673,135.28731,134.35097,135.32138,134.77272,Canis_familiaris
ERR1914897,154.24435,156.53639,159.09424,157.30453,157.86299,156.5872,156.75963,156.46187,156.79167,156.75897,156.74927,156.98128,155.79309,157.23941,156.61505,Canis_familiaris
ERR1914778,121.68476,120.92031,122.081764,121.60707,121.327286,120.99446,121.38697,121.153404,120.91253,121.02971,121.20341,121.1143,120.84358,120.97001,121.033005,Canis_familiaris
ERR1914011,151.993,153.90674,156.17444,154.34676,154.79442,153.58276,153.95352,153.46417,153.9881,154.10034,153.85823,154.17044,153.01088,154.36038,153.9705,Canis_familiaris
ERR2102825,179.55397,183.3876,184.14723,183.21709,183.40598,183.72728,183.7881,183.45485,183.74652,183.87416,184.43393,183.97809,183.33858,183.93109,183.50089,Homo_sapiens
ERR2197834,179.55739,183.39091,184.14957,183.22136,183.41034,183.73239,183.79268,183.46,183.75119,183.87843,184.43913,183.98248,183.34332,183.9353,183.50594,Homo_sapiens
ERR2197829,133.27107,135.58165,138.2605,136.55865,136.56133,135.32567,135.83272,134.91844,135.98088,135.99442,135.84676,136.09543,135.26816,136.26251,135.72281,Homo_sapiens
ERR2102814,146.5994,148.43816,150.29753,148.42714,147.52061,147.31398,147.87971,147.46463,148.04924,148.11905,147.91956,148.03278,147.124,148.05768,147.49358,Homo_sapiens
ERR2197818,183.12515,186.51146,188.12007,186.69029,186.15718,185.9142,186.72125,185.78792,186.74323,186.74432,186.70337,186.84052,186.01295,186.92783,186.19077,Homo_sapiens
ERR2102818,142.95776,145.91734,147.95372,146.94743,146.46944,146.58014,146.57759,146.29439,146.68544,146.63203,146.82944,146.87747,146.25812,146.9672,146.52643,Homo_sapiens
ERR2197820,147.72586,149.6067,151.86903,150.13396,149.25536,148.80675,149.43474,148.858,149.57057,149.7249,149.38623,149.68016,148.77316,149.78786,149.16681,Homo_sapiens
ERR2102823,161.91599,164.3975,166.55482,164.65225,163.05502,163.00087,163.76772,163.12502,163.97313,164.11414,163.76523,164.01038,162.89651,164.16074,164.27327,Homo_sapiens
ERR2102810,147.65096,149.53252,151.79631,150.0589,149.16695,148.72546,149.35498,148.78021,149.49162,149.64696,149.30779,149.60022,148.6955,149.70741,149.08372,Homo_sapiens
ERR2102821,99.52759,102.0259,104.21381,102.746635,102.055565,102.11042,102.26354,101.75137,102.36066,102.42768,102.502686,102.50888,101.82239,102.51892,102.20183,Homo_sapiens
ERR2102812,119.7552,122.50475,124.46189,122.82699,122.76736,122.79593,122.81016,122.803406,122.79597,122.81678,123.45857,122.98584,122.30739,122.91768,122.67843,Homo_sapiens
ERR2102809,173.21086,176.47636,178.15553,176.71811,176.13226,175.90224,176.55087,175.77115,176.56995,176.64574,176.6652,176.71823,175.81665,176.81114,176.12802,Homo_sapiens
ERR2197827,180.90761,184.72536,185.34927,184.71663,184.9212,185.3441,185.33067,185.07947,185.30023,185.3776,186.06058,185.49442,184.92134,185.41588,185.11748,Homo_sapiens
ERR2197816,144.17673,145.8229,147.78685,145.99995,145.06601,144.78241,145.41441,144.97487,145.49443,145.71164,145.42902,145.62148,144.73317,145.68768,145.0534,Homo_sapiens
ERR2197830,173.18716,176.45232,178.13184,176.69438,176.11159,175.88046,176.52853,175.74855,176.5475,176.62292,176.64247,176.69562,175.79378,176.78844,176.10373,Homo_sapiens
ERR2197835,164.95383,168.09915,170.39828,168.80212,168.34874,168.34135,168.51155,168.18214,168.48917,168.50096,168.65175,168.5995,167.79813,168.68272,168.20374,Homo_sapiens
ERR2102815,147.67284,149.54985,151.42094,149.55981,148.58553,148.42834,148.9646,148.58452,149.15904,149.20847,149.04433,149.1196,148.22493,149.14569,148.57008,Homo_sapiens
ERR2197817,161.84184,165.38513,165.8832,165.93584,165.15071,166.81816,166.25659,166.25931,166.26448,166.29698,166.77298,166.39883,166.4625,166.32713,166.09096,Homo_sapiens
ERR2197826,232.71872,235.01768,236.67403,234.30672,233.05432,234.45418,234.67656,234.45851,234.55202,234.65486,235.06519,234.79184,234.05766,234.67787,234.52713,Homo_sapiens
ERR2197833,154.14442,155.92143,157.527,155.65387,154.86705,154.57509,155.09805,154.83078,155.26674,155.37413,155.1791,155.26135,154.38339,155.28728,155.04128,Homo_sapiens
ERR2102824,173.0469,176.31236,177.99144,176.55414,175.96448,175.73679,176.38593,175.60652,176.40509,176.48093,176.50055,176.55333,175.65216,176.64627,175.96399,Homo_sapiens
ERR2102813,163.11395,165.65834,167.77425,165.88336,164.2498,164.1694,164.97566,164.29344,165.15236,165.36296,164.89536,165.23355,164.0305,165.40434,165.54106,Homo_sapiens
ERR2197832,140.48497,143.13419,145.48035,144.29597,143.79912,143.26732,143.59734,142.74855,143.80423,143.82043,143.54204,143.89,143.2417,144.06625,143.64076,Homo_sapiens
ERR2197822,147.38472,149.69429,152.29633,151.29155,151.45702,150.29872,150.45935,150.28854,150.66167,150.40166,150.71283,150.9387,149.72015,151.2037,150.32794,Homo_sapiens
ERR2197823,164.11871,166.64662,168.7996,166.91368,165.2882,165.19214,165.98405,165.31264,166.16153,166.39317,165.90527,166.24467,165.04233,166.43044,166.535,Homo_sapiens
ERR2102811,185.61116,189.121,190.30605,189.39282,188.88567,189.1426,189.50551,188.92934,189.5127,189.53564,189.84259,189.6426,189.04552,189.67383,189.13542,Homo_sapiens
ERR2197824,162.38132,164.86505,167.02007,165.11844,163.51588,163.45859,164.23068,163.58363,164.43454,164.57986,164.22313,164.474,163.35355,164.6255,164.74106,Homo_sapiens
ERR2197825,146.69737,148.54506,150.40749,148.542,147.6245,147.42575,147.98764,147.57599,148.15935,148.22908,148.03331,148.14249,147.2357,148.1685,147.60118,Homo_sapiens
ERR2197828,142.95564,145.85713,147.87682,146.87062,146.39282,146.50331,146.50063,146.21709,146.60872,146.5554,146.75253,146.80049,146.18153,146.89038,146.44963,Homo_sapiens
ERR2102817,180.8417,184.68448,185.3091,184.67679,184.88058,185.30151,185.28932,185.03691,185.25783,185.33626,186.01756,185.4534,184.8796,185.37459,185.075,Homo_sapiens
ERR2102820,165.73083,168.87659,171.17545,169.5832,169.14299,169.13312,169.2979,168.97012,169.27435,169.2837,169.43893,169.38383,168.58708,169.46693,168.98097,Homo_sapiens
ERR2102822,147.26053,149.16704,151.49892,149.79689,148.9317,148.43138,149.06389,148.4538,149.2052,149.3527,148.99829,149.32324,148.41516,149.4458,148.80785,Homo_sapiens
ERR2197831,138.92455,140.5355,143.9862,142.73172,142.22237,140.35185,141.24261,139.81183,141.79182,141.69304,140.61989,141.68095,140.67842,142.17868,141.22691,Homo_sapiens
ERR2102807,162.82182,166.43428,166.91338,167.05017,166.24478,167.7745,167.24675,167.1605,167.16011,167.28815,167.71031,167.41632,167.36546,167.24083,167.1376,Homo_sapiens
ERR2197821,173.0696,176.33504,178.01408,176.57684,175.98964,175.76047,176.40938,175.62976,176.42845,176.50415,176.52377,176.57669,175.67534,176.66959,175.98642,Homo_sapiens
ERR2102819,170.21399,173.24153,175.31824,173.80801,173.91702,173.43481,173.72475,173.16238,173.69547,173.67624,173.73248,173.80132,172.89343,173.86375,172.95381,Homo_sapiens
ERR2102808,163.54643,166.07822,168.22272,166.33629,164.73482,164.62857,165.42014,164.74742,165.59468,165.81868,165.34138,165.6792,164.47597,165.85992,165.96393,Homo_sapiens
ERR2197819,144.1661,145.81563,147.77747,145.99063,145.05441,144.77249,145.40424,144.96503,145.4848,145.70259,145.41953,145.61182,144.7234,145.67836,145.04333,Homo_sapiens
ERR2102806,180.76927,184.58246,185.20473,184.57344,184.77733,185.19662,185.18501,184.93196,185.15346,185.23364,185.9129,185.35016,184.77725,185.27165,184.9705,Homo_sapiens
ERR2102816,162.75931,165.30394,167.41908,165.5272,163.89992,163.81856,164.6236,163.94275,164.80156,165.00598,164.5472,164.88033,163.68137,165.04865,165.18535,Homo_sapiens
ERR1135436,130.70332,132.09492,128.35991,128.21152,129.22137,128.79184,128.24571,129.01114,128.8469,128.91862,128.8264,128.64093,128.67088,128.6592,128.8541,Sus_scrofa
ERR1135452,150.69232,152.27858,148.18005,147.67838,148.75436,148.34766,147.57005,148.57578,148.07373,148.53403,148.17485,147.98318,148.31343,148.07928,148.32477,Sus_scrofa
ERR1135466,178.1748,178.31071,174.69759,175.0543,175.7542,175.3025,174.91748,175.43704,175.07983,175.66223,175.58083,174.92049,175.31607,175.01407,175.56389,Sus_scrofa
ERR1135422,141.77261,143.33714,139.4436,138.85704,139.94148,139.57568,138.76207,139.8309,139.40631,139.72203,139.42981,139.27982,139.53656,139.26811,139.58015,Sus_scrofa
ERR1135271,103.149704,104.55666,100.24645,100.37601,101.74883,101.42142,99.64573,101.82918,100.68224,101.71391,101.17641,101.34446,101.34441,101.11362,101.26158,Sus_scrofa
ERR1135294,187.46861,189.20534,184.88318,184.42755,185.09796,184.63884,184.26768,184.85918,184.55397,185.24228,184.95021,184.51965,184.69559,185.44672,185.29137,Sus_scrofa
ERR1135461,166.84995,168.86308,163.58879,163.41495,164.87985,163.50659,162.81425,163.74727,163.75774,164.47125,164.36508,163.72026,164.02365,163.35744,164.53952,Sus_scrofa
ERR1135298,111.749016,112.99744,108.14836,108.50062,109.78997,109.33554,108.53581,109.61046,108.95166,109.48667,109.04377,108.781494,109.250336,108.84579,109.19741,Sus_scrofa
ERR1135213,141.93497,143.50388,139.68065,139.07343,140.14328,139.77364,138.9743,140.02704,139.61855,139.9305,139.64125,139.49593,139.73277,139.48503,139.79068,Sus_scrofa
ERR1135421,171.659,172.21414,168.13239,168.43593,168.86552,168.41939,168.2327,168.58708,168.74031,168.7174,168.84769,167.88147,168.20644,168.48012,168.60852,Sus_scrofa
ERR1135221,140.62122,142.23993,135.64584,136.78497,138.67934,137.89339,136.99702,138.23776,136.86324,137.98311,137.22375,136.77596,137.8305,136.9339,137.3613,Sus_scrofa
ERR1135344,187.31856,189.02354,184.73848,184.2796,184.94069,184.5005,184.10703,184.6998,184.38896,185.06453,184.79199,184.39648,184.5646,185.2684,185.1163,Sus_scrofa
ERR1135260,151.73422,152.49565,148.13126,148.25237,149.41202,148.93062,148.09364,149.16406,148.51903,149.10217,148.77388,148.50827,148.86044,148.97658,148.87415,Sus_scrofa
ERR1135323,187.4143,188.9946,184.82452,184.3782,185.00523,184.64273,184.17903,184.7594,184.33296,184.99396,184.86829,184.51744,184.6865,185.19437,185.17542,Sus_scrofa
ERR1135285,142.05981,143.63185,139.85011,139.23344,140.29665,139.9241,139.13225,140.17618,139.77635,140.0867,139.7987,139.65562,139.882,139.64507,139.94765,Sus_scrofa
ERR1135220,187.35909,188.98724,184.78943,184.31462,184.99829,184.48463,184.15707,184.75684,184.38988,185.0516,184.83928,184.42433,184.58247,185.25075,185.15285,Sus_scrofa
ERR1135389,206.52542,207.9368,202.99042,203.04482,203.9614,203.84106,203.58527,203.96138,203.65112,204.13455,203.78381,203.68044,203.81871,203.79123,203.91463,Sus_scrofa
ERR1135397,171.78748,172.05801,167.94574,168.34842,168.49907,168.23396,168.14334,168.41394,168.63327,168.35579,168.57027,167.47629,167.83716,168.22562,168.22125,Sus_scrofa
ERR1135470,179.43515,179.51056,175.80942,176.28357,176.91849,176.45111,176.11766,176.58333,176.35805,176.78406,176.72134,176.17264,176.46333,176.08324,176.67259,Sus_scrofa
ERR1135382,150.93207,151.86292,147.53557,147.52098,148.66763,148.20184,147.3764,148.43443,147.82463,148.37796,148.04123,147.79456,148.1407,148.184,148.15488,Sus_scrofa
ERR1135305,187.43896,189.02104,184.84683,184.40172,185.03384,184.64076,184.20789,184.78897,184.35806,185.01909,184.89616,184.5214,184.68442,185.21933,185.19852,Sus_scrofa
ERR1135370,178.06895,178.90753,174.61513,174.90817,175.58531,175.04662,174.74251,175.19225,175.05972,175.4677,175.41399,174.74721,175.03592,174.9147,175.35196,Sus_scrofa
ERR1135286,157.59514,158.93636,155.55003,155.09276,155.88232,155.46983,154.80937,155.69028,155.44275,155.84479,155.61333,155.36453,155.49388,155.44984,155.79572,Sus_scrofa
ERR1135432,188.97105,190.02702,185.7627,185.924,186.47581,186.27043,185.7163,186.4268,185.97412,186.42729,186.31108,186.05708,186.28159,186.049,186.35635,Sus_scrofa
ERR1135265,161.85207,158.77719,157.6462,158.59613,158.86557,158.56746,158.30688,158.81494,158.22673,158.4676,158.62001,158.22649,158.4998,157.98729,158.39067,Sus_scrofa
ERR1135232,171.34958,172.3975,168.35399,168.46194,169.2643,168.67033,168.27826,168.82321,168.89275,169.14166,169.13644,168.34691,168.60585,168.79637,169.06267,Sus_scrofa
ERR1135295,187.48369,189.13351,184.89656,184.44656,185.0934,184.68878,184.26549,184.85083,184.47495,185.14362,184.95204,184.55908,184.7338,185.34518,185.26527,Sus_scrofa
ERR1135431,130.61357,131.92683,128.3838,128.16345,129.04735,128.65302,128.07089,128.89867,128.67096,128.8396,128.65196,128.49672,128.54721,128.50224,128.7183,Sus_scrofa
ERR1135302,142.19305,143.82968,140.70634,139.86765,140.80185,140.38567,139.71722,140.61964,140.36234,140.6385,140.37694,140.28435,140.32852,140.2821,140.52122,Sus_scrofa
ERR1135336,195.46051,197.21101,192.13974,191.35016,192.48145,192.36621,192.64804,192.43121,192.64053,193.04753,192.46089,192.84595,192.42906,193.09358,192.7924,Sus_scrofa
ERR1135355,171.42183,171.59795,168.5615,168.53268,169.13821,168.74785,168.30624,168.92194,168.54396,169.14029,169.0057,168.46373,168.72496,168.7057,169.07845,Sus_scrofa
ERR1135357,157.61073,158.95123,155.56453,155.10722,155.89684,155.48431,154.82387,155.70491,155.4576,155.85916,155.62817,155.37904,155.5087,155.46498,155.811,Sus_scrofa
ERR1135301,156.13118,157.48416,153.98744,153.57587,154.28476,153.91855,153.32756,154.14505,153.8471,154.27824,154.03264,153.77393,153.92143,153.88942,154.21712,Sus_scrofa
ERR1135312,180.09453,180.6729,176.57416,176.93623,177.61008,177.0846,176.77309,177.22804,177.07436,177.48668,177.43402,176.78651,177.07854,176.85109,177.37228,Sus_scrofa
ERR1135445,171.74803,172.31403,168.23898,168.53554,168.97366,168.52724,168.33333,168.69461,168.84352,168.82782,168.9533,167.99313,168.316,168.58861,168.71967,Sus_scrofa
ERR1135228,135.61804,137.21866,130.71873,131.82271,133.6875,132.91106,132.02542,133.25331,131.90587,133.00383,132.25731,131.81822,132.84784,131.96846,132.39378,Sus_scrofa
ERR1135402,176.79027,176.95058,173.39284,173.67455,174.40472,173.95935,173.56042,174.09938,173.6972,174.34473,174.2583,173.49214,173.95232,173.73758,174.24638,Sus_scrofa
ERR1135227,132.2163,133.78323,127.30962,128.43703,130.29384,129.50856,128.63043,129.85313,128.48628,129.6091,128.84145,128.40782,129.44731,128.54956,128.98045,Sus_scrofa
ERR1135460,202.30649,203.28896,199.0327,199.26968,199.81679,199.63173,199.06514,199.78052,199.3101,199.7521,199.63783,199.42958,199.646,199.28706,199.66757,Sus_scrofa
ERR1135193,150.98091,151.72415,147.39053,147.46812,148.61778,148.13907,147.306,148.37119,147.72162,148.30801,147.9816,147.71205,148.06772,148.19498,148.07887,Sus_scrofa
ERR1135353,186.99812,188.72464,184.46227,183.97713,184.66661,184.3129,183.82904,184.43275,184.16483,184.83258,184.52522,184.13174,184.32979,184.98851,184.83026,Sus_scrofa
ERR1135450,164.48941,166.58086,161.30246,161.08916,162.57268,161.16678,160.46832,161.40877,161.42828,162.16237,162.04373,161.41374,161.69904,161.0261,162.23392,Sus_scrofa
ERR1135198,130.66139,131.89983,128.52556,128.25136,129.01508,128.6542,128.03809,128.9251,128.63734,128.89775,128.61957,128.49326,128.56302,128.48662,128.72261,Sus_scrofa
ERR1135183,141.99771,143.56941,139.78194,139.16685,140.23112,139.85892,139.06602,140.11118,139.71024,140.02078,139.73265,139.5891,139.81696,139.57848,139.88165,Sus_scrofa
ERR1135418,166.75648,168.77484,163.49481,163.31995,164.78784,163.41069,162.71776,163.65181,163.66364,164.37776,164.27184,163.62651,163.92978,163.2618,164.44676,Sus_scrofa
ERR1135257,187.3941,189.014,184.8105,184.35535,185.0066,184.58232,184.17534,184.76347,184.37427,185.03867,184.86137,184.4761,184.64247,185.23941,185.1714,Sus_scrofa
ERR1135224,122.935875,124.49918,118.19387,119.25113,121.05404,120.29061,119.445145,120.62427,119.3398,120.38534,119.6649,119.24192,120.223915,119.37817,119.79322,Sus_scrofa
ERR1135274,155.77536,157.13287,153.89792,153.2864,154.09943,153.6292,153.00302,153.84122,153.70729,154.05678,153.83607,153.63005,153.67177,153.67268,154.01776,Sus_scrofa
ERR1135190,166.3191,167.01613,163.07414,163.17241,163.90118,163.4011,162.92212,163.57391,163.3076,163.8124,163.70796,163.12262,163.41704,163.24765,163.73012,Sus_scrofa
ERR1135335,180.06418,180.64029,176.54315,176.90594,177.57959,177.05426,176.74275,177.1977,177.04382,177.45605,177.40338,176.75616,177.04831,176.81995,177.34149,Sus_scrofa
ERR1135330,187.33418,189.11482,184.74753,184.29642,184.97653,184.55974,184.15015,184.74075,184.4841,185.16455,184.83038,184.41216,184.6092,185.36736,185.18439,Sus_scrofa
ERR1135292,149.60667,150.1615,145.93436,146.1551,147.26071,146.7949,145.96896,147.02707,146.37077,146.9456,146.6409,146.36519,146.72281,146.84616,146.72528,Sus_scrofa
ERR1135192,174.41113,174.70851,170.89107,171.26958,171.93044,171.48097,171.11801,171.61575,171.3463,171.81909,171.75047,171.1448,171.48782,171.18854,171.71559,Sus_scrofa
SRR1175007,160.4431,163.44366,163.84984,163.48264,162.8007,166.00467,164.74063,165.71051,166.17076,165.41774,165.57504,164.71617,166.24352,165.96024,164.07764,Homo_sapiens
SRR042182,200.44229,203.9297,204.2595,204.3976,204.11412,205.09055,204.63486,204.76193,204.613,204.70895,205.44946,204.80675,204.62985,204.7128,204.68279,Homo_sapiens
SRR061154,136.74678,139.8619,139.26962,140.38548,139.96089,140.69345,140.95264,141.18779,140.8986,140.81683,141.20685,140.96921,141.26535,140.8761,140.77669,Homo_sapiens
SRR061499,180.78465,184.59912,185.22179,184.59067,184.79466,185.214,185.20235,184.94936,185.1708,185.25095,185.93019,185.3675,184.7946,185.28899,184.98782,Homo_sapiens
SRR063469,140.26599,143.52753,144.8765,144.07997,143.66103,144.18527,143.81912,143.76822,143.88039,143.93256,144.52766,144.06393,143.76553,144.06505,143.8408,Homo_sapiens
SRR062324,160.45166,163.32458,163.85887,163.52419,162.82362,165.8978,164.74922,165.61816,166.10773,165.31139,165.48665,164.57266,166.18394,165.89236,164.12032,Homo_sapiens
SRR1179037,160.50029,163.51157,163.83803,163.55753,162.9079,166.08545,164.72961,165.67314,166.14227,165.55186,165.5404,164.76027,166.21602,165.9283,164.12105,Homo_sapiens
SRR061236,160.5491,163.49817,163.90909,163.50194,162.83437,166.04861,164.79514,165.76202,166.23288,165.43285,165.62427,164.77722,166.30627,166.01852,164.11937,Homo_sapiens
SRR061456,160.60915,163.59828,163.89584,163.64346,162.99301,166.15701,164.78725,165.77278,166.23558,165.55917,165.64009,164.8566,166.30804,166.02278,164.18953,Homo_sapiens
SRR642021,90.68588,93.16461,93.285446,93.20472,92.9104,91.79421,93.48385,93.44847,93.27482,93.28053,93.7103,93.3869,92.95318,93.31553,93.32179,Homo_sapiens
SRR1175013,156.36034,159.93822,160.97879,160.57059,159.96227,161.21509,160.69739,160.77866,160.7473,160.81148,161.3776,160.89772,160.77527,160.88144,160.64368,Homo_sapiens
SRR062457,159.83089,163.23996,163.77315,163.69833,162.94829,164.86218,164.21759,164.37746,164.45432,164.32349,164.78548,164.29597,164.62003,164.46834,163.95781,Homo_sapiens
SRR062447,180.9564,184.76193,185.38971,184.7579,184.96327,185.38266,185.37085,185.11789,185.33945,185.41997,186.09927,185.53625,184.96402,185.45801,185.15642,Homo_sapiens
SRR1179031,158.76186,162.30678,162.93002,162.79964,162.10182,163.6624,163.0684,163.1866,163.12398,163.13997,163.72989,163.22743,163.26842,163.19446,162.94594,Homo_sapiens
SRR062375,167.17023,170.39897,170.84242,171.05855,170.24821,171.95944,171.48647,171.42068,171.53432,171.52805,171.89813,171.62807,171.64125,171.56824,171.22656,Homo_sapiens
SRR1179053,140.5666,144.08649,144.72733,144.45477,143.96082,145.37442,144.6352,144.99463,144.61221,144.66545,145.55934,144.81534,144.83594,144.7084,144.59532,Homo_sapiens
SRR1179033,143.56139,146.81348,147.64174,147.29753,146.72714,148.11176,147.44196,147.71321,147.43549,147.48343,148.28651,147.62155,147.6155,147.53143,147.39496,Homo_sapiens
SRR061140,160.49582,163.41249,163.90097,163.58412,162.88342,165.99245,164.79393,165.6643,166.15767,165.42026,165.52982,164.66707,166.23355,165.94193,164.16653,Homo_sapiens
SRR646449,83.019165,85.139465,85.9237,85.25882,84.49455,85.05106,85.53905,85.73339,85.37592,85.36774,86.05755,85.54487,85.182526,85.394516,85.30528,Homo_sapiens
SRR063471,160.55351,163.52068,163.91171,163.59146,162.91763,166.08551,164.8035,165.76605,166.22559,165.50105,165.64001,164.77798,166.29875,166.01399,164.17873,Homo_sapiens
SRR059440,158.9745,162.51726,163.13744,163.0151,162.31523,163.87149,163.28,163.39154,163.31787,163.34402,163.93967,163.43996,163.46768,163.39166,163.15492,Homo_sapiens
SRR061254,136.70912,139.82422,139.2319,140.34772,139.92307,140.65587,140.91496,141.15019,140.86098,140.77916,141.16925,140.93152,141.2277,140.83844,140.73898,Homo_sapiens
SRR059388,160.52155,163.51642,163.89151,163.56189,162.88756,166.07494,164.78394,165.75209,166.2084,165.4913,165.62634,164.77663,166.28137,165.99786,164.14836,Homo_sapiens
SRR059354,160.49792,163.4515,163.864,163.56865,162.8838,166.0287,164.75597,165.67,166.1481,165.4599,165.53738,164.70525,166.22267,165.93372,164.14355,Homo_sapiens
SRR061556,160.49751,163.49826,163.83847,163.5726,162.90225,166.07632,164.73183,165.68385,166.14857,165.51985,165.553,164.74974,166.22191,165.93556,164.13585,Homo_sapiens
SRR1179049,179.99802,183.81755,184.45615,183.78865,183.99641,184.41548,184.40619,184.15166,184.37541,184.4529,185.13206,184.56691,183.9902,184.4944,184.1904,Homo_sapiens
SRR1175001,158.8503,162.395,163.01813,162.88829,162.19025,163.75089,163.1569,163.27466,163.2061,163.22815,163.81807,163.31595,163.35611,163.28021,163.03418,Homo_sapiens
SRR062388,180.69797,184.51279,185.13448,184.50273,184.70659,185.12642,185.11444,184.86185,185.08296,185.16278,185.84285,185.2793,184.70642,185.20078,184.90016,Homo_sapiens
SRR346691,147.72754,151.19414,151.77115,151.61543,150.93652,152.56847,151.90915,152.14705,151.94409,151.96405,152.7182,152.07275,152.13298,151.99937,151.79486,Homo_sapiens
SRR1179027,180.0944,183.9135,184.54848,183.8938,184.1025,184.53304,184.51463,184.2723,184.48569,184.55548,185.25354,184.6704,184.09857,184.59595,184.30458,Homo_sapiens
SRR059395,162.05382,165.14326,165.68396,165.40361,164.68028,167.27094,166.46152,166.92589,167.25458,166.70355,167.05414,166.34225,167.36488,167.13063,165.94081,Homo_sapiens
SRR1179043,177.09135,180.91104,181.46086,180.89009,180.99382,181.53151,181.37698,181.23732,181.34152,181.45235,182.22926,181.55977,181.04518,181.50493,181.13788,Homo_sapiens
SRR1175003,143.18384,146.43605,147.26408,146.91919,146.34883,147.73347,147.06345,147.33516,147.05708,147.10527,147.90839,147.24315,147.23705,147.15312,147.01675,Homo_sapiens
SRR646438,94.576294,96.83732,97.41584,96.8841,96.16613,96.49164,97.181946,97.41412,97.02886,97.03033,97.65555,97.17991,96.79279,97.0387,96.98444,Homo_sapiens
SRR1179046,160.52965,163.51265,163.84764,163.58522,162.9144,166.08252,164.73654,165.67534,166.14984,165.52003,165.54071,164.76433,166.22397,165.93265,164.15704,Homo_sapiens
SRR642022,112.04784,114.87963,114.37778,115.17055,114.9286,113.98083,115.50907,115.61487,115.33281,115.303566,115.66468,115.41311,115.23965,115.352745,115.36315,Homo_sapiens
UNKNOWN_0,254.3959,250.74066,251.57814,254.15756,251.67055,251.76898,251.57588,251.81078,252.3591,251.71437,251.85794,252.00346,251.82845,250.67967,251.8083,unknown
UNKNOWN_1,200.19193,195.80206,196.83592,197.9438,197.33318,197.25768,197.08221,197.24605,197.16216,197.0041,197.19615,197.14455,197.2546,196.5824,197.22343,unknown
UNKNOWN_2,107.82812,102.50904,106.04301,104.26015,106.031944,105.43926,106.048325,105.26115,105.13626,104.92605,105.55101,105.70436,105.461624,105.315895,105.34473,unknown
UNKNOWN_3,163.4426,160.21555,159.37564,160.16493,160.80864,160.16298,159.8928,160.65164,159.72162,159.99376,160.61069,159.75487,160.072,160.00928,159.8866,unknown
UNKNOWN_4,168.82663,162.60568,166.12662,165.30684,166.45563,165.5162,166.62857,165.37646,165.39355,164.87378,165.74794,166.1183,165.67404,165.35257,165.41995,unknown
UNKNOWN_5,168.93463,162.87326,166.12675,165.4354,166.50047,165.63484,166.62428,165.52126,165.53885,165.04341,165.86069,166.15233,165.7938,165.50015,165.55255,unknown
UNKNOWN_6,149.54506,149.52037,146.54393,146.47665,147.39316,147.00919,146.1157,147.27061,146.72081,147.02472,146.89813,146.67682,146.97762,146.97157,146.95007,unknown
UNKNOWN_7,159.67625,156.03627,155.70094,156.70647,156.70137,156.49065,156.43828,156.61397,156.34586,156.32071,156.5073,156.31914,156.49414,155.89362,156.42104,unknown
UNKNOWN_8,162.9089,159.64832,158.65764,159.81105,160.08154,159.80936,159.51979,160.11548,159.38284,159.65985,159.89453,159.42697,159.71161,159.27678,159.52708,unknown
UNKNOWN_9,161.23631,154.42012,158.85695,157.60233,158.93486,157.90892,159.16774,157.76599,157.88072,157.2109,158.21873,158.56311,158.13988,158.18282,157.83212,unknown
UNKNOWN_10,157.05847,150.88956,154.62215,153.79881,154.73755,153.6321,154.97453,153.4834,153.39957,152.98474,153.92946,154.09874,153.8589,154.11624,153.47914,unknown
UNKNOWN_11,142.41959,136.83772,139.79544,139.41551,139.93675,139.60204,139.99147,139.49243,139.58237,139.27501,139.67111,139.79082,139.66553,139.47758,139.57188,unknown
UNKNOWN_12,166.32121,160.0149,163.2871,162.83412,163.59058,162.98793,163.76213,162.84583,162.87544,162.30386,163.21568,163.19757,163.14719,162.86017,162.91982,unknown
UNKNOWN_13,203.86586,198.77007,200.54599,201.04074,201.00359,200.82805,200.79935,200.6945,200.43321,200.40681,200.61229,200.66884,200.79279,200.26025,200.7079,unknown
UNKNOWN_14,115.60334,110.17218,113.67979,112.08344,113.68893,113.140396,113.70362,112.96776,112.85584,112.61434,113.231995,113.389824,113.15633,113.008766,113.04486,unknown
UNKNOWN_15,203.89572,198.79982,200.57574,201.07054,201.03342,200.85788,200.82924,200.7243,200.46298,200.43657,200.642,200.69875,200.82257,200.29012,200.73769,unknown
UNKNOWN_16,152.61623,146.0447,150.49667,149.08038,150.27025,149.26988,150.3567,149.17145,149.33813,148.34705,149.53012,149.8579,149.57578,149.59445,149.12285,unknown
UNKNOWN_17,260.8489,256.1698,258.24338,259.99213,258.1607,258.40488,257.7077,258.49167,259.58466,258.5511,258.4778,258.8525,258.27643,256.04486,258.48517,unknown
UNKNOWN_18,269.17697,264.38565,266.70038,267.80484,266.65414,266.77414,266.33603,266.81638,267.68674,266.8731,266.85608,267.13385,266.72354,265.15137,266.84085,unknown
UNKNOWN_19,114.0004,108.23809,111.47852,110.77045,111.62539,111.314,111.61948,111.18253,111.10408,110.80309,111.314926,111.47171,111.27844,111.1243,111.23464,unknown
UNKNOWN_20,192.39502,186.82365,189.58415,189.67723,189.97527,189.82773,189.2484,189.23837,188.598,188.62514,188.94028,189.4326,189.38904,189.30075,189.41382,unknown
UNKNOWN_21,160.84883,157.24577,156.42513,157.84763,157.8236,157.7979,157.52905,157.94598,157.39127,157.61661,157.67729,157.39076,157.71986,156.93512,157.51625,unknown
UNKNOWN_22,166.78844,160.22925,164.2156,163.13483,164.59312,163.35947,164.72311,163.25798,163.2445,162.7819,163.61618,164.2229,163.52206,163.58128,163.29343,unknown
UNKNOWN_23,191.5088,186.13547,188.2335,188.61761,188.62634,188.41255,188.48672,188.27803,188.06424,187.94868,188.23207,188.33084,188.40007,187.84978,188.29753,unknown
UNKNOWN_24,127.561584,121.19354,124.92015,124.11631,125.02769,124.71231,125.07129,124.55995,124.59407,124.18565,124.708664,124.93071,124.68046,124.44203,124.683464,unknown
UNKNOWN_25,182.09885,177.17175,179.02948,179.29051,179.3219,179.0014,179.33813,179.0201,178.44489,178.74675,178.85936,178.97958,178.96613,178.54852,178.89984,unknown
UNKNOWN_26,163.44238,160.21463,159.37355,160.1657,160.80629,160.16449,159.89366,160.65057,159.72247,159.9953,160.60852,159.75572,160.07341,160.00682,159.8882,unknown
UNKNOWN_27,155.54765,148.95563,153.27371,151.96959,153.13489,152.16441,153.23721,152.05505,152.21196,151.28342,152.42474,152.73254,152.45894,152.45888,152.03807,unknown
UNKNOWN_28,162.96785,159.69524,158.80072,159.73766,160.21559,159.79428,159.48268,160.1105,159.304,159.62578,160.02551,159.34059,159.69374,159.40462,159.52034,unknown
UNKNOWN_29,123.684616,121.594315,122.906204,122.729126,122.43641,122.24509,122.76421,122.200325,121.91854,122.063416,122.481544,122.316055,122.2487,122.207985,122.288536,unknown
UNKNOWN_30,181.74869,176.81216,178.67155,178.9333,178.9733,178.64294,178.98117,178.66248,178.09518,178.38892,178.51184,178.63013,178.61513,178.19919,178.54094,unknown
UNKNOWN_31,166.79117,160.25365,164.19966,163.15395,164.58183,163.32135,164.70424,163.19342,163.14037,162.68799,163.63795,164.20557,163.53886,163.60219,163.23006,unknown
UNKNOWN_32,190.08983,184.70934,186.83461,187.20264,187.22728,187.0149,187.06664,186.86298,186.63962,186.52287,186.8091,186.92297,186.98715,186.45284,186.88947,unknown
UNKNOWN_33,152.64046,146.07048,150.52206,149.10564,150.2952,149.2949,150.38164,149.19656,149.36327,148.37233,149.55525,149.88301,149.60068,149.6196,149.14795,unknown
UNKNOWN_34,157.12758,150.95801,154.69258,153.86795,154.80702,153.70152,155.04414,153.55269,153.46938,153.05397,153.99892,154.16856,153.92839,154.18576,153.54863,unknown
UNKNOWN_35,192.20341,186.63135,189.39374,189.48613,189.78502,189.63792,189.056,189.04688,188.40495,188.4325,188.74791,189.24158,189.1976,189.11082,189.22302,unknown
UNKNOWN_36,163.07162,159.79337,158.85931,159.8901,160.27562,159.93074,159.625,160.22821,159.45859,159.76797,160.08696,159.49666,159.83086,159.46677,159.65445,unknown
UNKNOWN_37,166.67738,160.16278,164.07301,163.15529,164.48038,163.38942,164.5778,163.29344,163.3016,162.82826,163.62192,164.10114,163.53621,163.54715,163.32921,unknown
UNKNOWN_38,182.03397,177.09807,178.95822,179.22285,179.2586,178.93011,179.26791,178.95131,178.3809,178.67915,178.79692,178.91563,178.90065,178.48447,178.82803,unknown
UNKNOWN_39,160.57013,156.96393,156.14882,157.57039,157.54385,157.51859,157.25203,157.66557,157.1146,157.33714,157.39748,157.11377,157.44156,156.65565,157.23871,unknown
UNKNOWN_40,166.80249,160.27473,164.21182,163.18883,164.58487,163.37685,164.71454,163.2547,163.22871,162.76678,163.66615,164.20921,163.57219,163.62782,163.29167,unknown
UNKNOWN_41,152.58084,151.1213,148.7908,149.64319,149.9707,149.80998,149.28372,149.99777,149.5128,149.80211,149.68385,149.44485,149.75934,149.2768,149.70525,unknown
UNKNOWN_42,166.8695,163.08957,163.0418,163.88202,163.90227,163.68848,163.60278,163.81433,163.56631,163.54446,163.7175,163.4659,163.6733,163.06926,163.63724,unknown
UNKNOWN_43,162.91132,159.65005,158.66005,159.80997,160.084,159.81042,159.52063,160.11597,159.38121,159.66086,159.89685,159.42432,159.71274,159.27907,159.52821,unknown
UNKNOWN_44,240.00847,236.38875,237.1623,239.76054,237.27243,237.37328,237.1797,237.4158,237.92688,237.30878,237.45528,237.58568,237.43408,236.31807,237.40877,unknown
UNKNOWN_45,162.85466,159.58421,158.61557,159.73122,160.03241,159.74477,159.44899,160.03491,159.30363,159.5909,159.84506,159.3469,159.64633,159.22585,159.46494,unknown
UNKNOWN_46,179.4516,173.181,176.72412,176.05411,176.8834,176.0962,176.99582,175.95963,175.9886,175.50453,176.30121,176.49158,176.28488,176.16255,176.02322,unknown
UNKNOWN_47,175.95415,170.20224,172.87944,172.74968,173.19763,172.70555,173.22578,172.60684,172.5654,172.21223,172.7661,172.88461,172.80592,172.41533,172.62842,unknown
UNKNOWN_48,170.13098,163.76488,167.5243,166.58806,167.81445,166.80792,168.02751,166.65489,166.66653,166.13597,167.04813,167.48001,166.96936,166.65576,166.70433,unknown
UNKNOWN_49,196.06763,190.78474,192.78885,193.1745,193.21039,193.01753,193.02707,192.86806,192.5902,192.57425,192.79681,192.86014,192.98718,192.46674,192.89189,unknown
UNKNOWN_50,162.93689,159.65399,158.74945,159.72667,160.16028,159.77567,159.4633,160.07298,159.29532,159.60796,159.97086,159.3337,159.67493,159.34927,159.50171,unknown
UNKNOWN_51,162.9917,159.70863,158.7476,159.85013,160.16035,159.87866,159.57722,160.15271,159.42168,159.72096,159.97328,159.4626,159.77933,159.35303,159.6006,unknown
UNKNOWN_52,147.03052,140.39052,144.96399,143.44678,144.66736,143.70508,144.71042,143.60434,143.802,142.70532,143.95319,144.30212,144.02419,143.99751,143.561,unknown
UNKNOWN_53,166.70844,160.1649,164.1358,163.06743,164.5008,163.27058,164.64131,163.16167,163.14362,162.67984,163.54451,164.12923,163.45041,163.50966,163.19794,unknown
UNKNOWN_54,152.69797,146.12646,150.57895,149.16257,150.35226,149.35199,150.43874,149.25356,149.42023,148.42918,149.61226,149.93999,149.6578,149.67657,149.20497,unknown
UNKNOWN_55,166.73747,160.24432,164.13857,163.16885,164.5307,163.31021,164.64307,163.18643,163.15613,162.69595,163.64687,164.14835,163.55203,163.60547,163.22287,unknown
UNKNOWN_56,181.70586,176.7701,178.6277,178.89949,178.93068,178.60118,178.93748,178.62578,178.05232,178.35646,178.4693,178.58743,178.57216,178.1564,178.49832,unknown
UNKNOWN_57,162.25752,159.0196,158.0371,159.10721,159.43692,159.14075,158.84503,159.4089,158.68779,158.99258,159.24435,158.72276,159.04501,158.62242,158.86758,unknown
UNKNOWN_58,163.2094,159.93312,159.00992,160.01079,160.42853,160.0543,159.74786,160.36726,159.57762,159.88892,160.23904,159.61478,159.95442,159.61969,159.779,unknown
